GroupName,DisplayName,en,zh-Hant,ja,ko,fr,hu,es,zh-Hans,de,ru
Ahoge,Hair Ahoge,Hair Ahoge,頭髮奧格,アホ毛,헤어 아호게,Cheveux Ahoge,Haj Ahoge,Ahoge,头发呆毛,Haare Ahoge,Волосы Ахоге
AhogeOutline,Hair Ahoge Outline,Hair Ahoge Outline,頭髮輪廓,アホ毛 輪郭,헤어 아호게 윤곽선,Aperçu des cheveux Ahoge,Haj Ahoge vázlat,Contorno del Ahoge,头发呆毛轮廓,Haare Ahoge Umriss,Наброски волос Ахоге
AnimalEarLeft,Animal Ear >>,Animal Ear >>,獸耳>>,ケモ耳 >>,동물의 귀 >>,Oreille d'animal >>,Állati fül >>,Oreja de animal >>,兽耳 >>,Tierohr >>,Ухо животного >>
AnimalEarLeftFur,Animal Ear >> Fur,Animal Ear >> Fur,獸耳 >> 毛皮,ケモ耳 毛 >>,동물의 귀 >> 모피,Oreille d'animal >> Fourrure,Állati fül >> Szőrme,Orejas de animal >> Pelaje,兽耳 >> 毛,Tierohr >> Fell,Уши животных >> Мех
AnimalEarLeftFurOutline,Animal Ear >> Fur Outline,Animal Ear >> Fur Outline,動物耳朵 >> 毛皮輪廓,ケモ耳 毛 輪郭 >>,동물의 귀 >> 모피 개요,Oreille d'animal >> Contour de fourrure,Állati fül >> Szőrme körvonala,Orejas de animal >> Contorno del pelaje,兽耳 >> 毛轮廓,Tierohr >> Fellumriss,Ухо животного >> Контур меха
AnimalEarLeftOutline,Animal Ear >> Outline,Animal Ear >> Outline,獸耳 >> 摘要,ケモ耳 輪郭 >>,동물의 귀 >> 개요,Oreille d'animal >> Aperçu,Állati fül >> Vázlat,Orejas de animal >> Contorno,兽耳 >> 轮廓,Tierohr >> Umriss,Ухо животного >> Схема
AnimalEarRight,Animal Ear <<,Animal Ear <<,獸耳<<,ケモ耳 <<,동물의 귀 <<,Oreille d'animal <<,Állati fül <<,Orejas de animal <<,兽耳 <<,Tierohr <<,Ухо животного <<
AnimalEarRightFur,Animal Ear << Fur,Animal Ear << Fur,動物耳朵 << 毛皮,ケモ耳 毛 <<,동물의 귀 << 모피,Oreille d'animal << Fourrure,Állati fül << Szőrme,Orejas de animal << Pelaje,兽耳 << 毛,Tierohr << Fell,Ухо животного << Мех
AnimalEarRightFurOutline,Animal Ear << Fur Outline,Animal Ear << Fur Outline,動物耳朵 << 毛皮輪廓,ケモ耳 毛 輪郭 <<,동물 귀 << 모피 개요,Oreille d'animal << Contour de fourrure,Állati fül << szőrme körvonala,Orejas de animal << Contorno del pelaje,兽耳 << 毛轮廓,Tierohr << Fellumriss,Ухо животного << Контур меха
AnimalEarRightOutline,Animal Ear << Outline,Animal Ear << Outline,動物耳朵<<大綱,ケモ耳 輪郭 <<,동물의 귀 << 개요,Oreille d'animal << Aperçu,Állati fül << Vázlat,Orejas de animal << Contorno,兽耳 << 轮廓,Tierohr << Umriss,Ухо животного << Схема
AntennaLeft,Antenna >>,Antenna >>,天線>>,アンテナ >>,안테나 >>,Antenne >>,Antenna >>,Antena >>,触角 >>,Antenne >>,Антенна >>
AntennaLeftOutline,Antenna >> Outline,Antenna >> Outline,天線 >> 摘要,アンテナ 輪郭 >>,안테나 >> 개요,Antenne >> Aperçu,Antenna >> Vázlat,Antena >> Contorno,触角 >> 轮廓,Antenne >> Umriss,Антенна >> Схема
AntennaRight,Antenna <<,Antenna <<,天線 <<,アンテナ <<,안테나 <<,Antenne <<,Antenna <<,Antena <<,触角 <<,Antenne <<,Антенна <<
AntennaRightOutline,Antenna << Outline,Antenna << Outline,天線 << 摘要,アンテナ 輪郭 <<,안테나 << 개요,Antenne << Aperçu,Antenna << Vázlat,Antena << Contorno,触角 << 轮廓,Antenne << Umriss,Антенна << Схема
BackHair,Hair Rear,Hair Rear,頭髮後部,後ろ髪,헤어 리어,Cheveux arrière,Haj Hátsó,Pelo trasero,头发 后侧,Haare hinten,Волосы сзади
BackHairOutline,Hair Rear Outline,Hair Rear Outline,頭髮後輪廓,後ろ髪 輪郭,헤어 후면 윤곽선,Contour arrière des cheveux,Haj hátsó körvonala,Contorno del pelo trasero,头发 后侧 轮廓,Haare hinten Umriss,Контур волос сзади
BeverageCup,Beverage Cup,Beverage Cup,飲料杯,飲み物のカップ,음료 컵,Tasse de boisson,Italpohár,Vaso de bebida,饮料杯,Getränkebecher,Кубок для напитков
BeverageLiquid,Beverage Liquid,Beverage Liquid,飲料液,飲み物,음료수 액체,Boisson liquide,Folyékony ital,Líquido del vaso,饮料杯 液体,Becherflüssigkeit,жидкость для напитков
BeverageLiquid2,Beverage Liquid 2,Beverage Liquid 2,飲料液2,飲み物2,음료수 2,Boisson liquide 2,Folyékony ital 2,Líquido del vaso 2,饮料杯 液体 2,Becherflüssigkeit 2,Жидкость для напитков 2
Bill,Bill,Bill,帳單,紙幣,청구서,Facture,Számla,Billetes,钞票,Schnabel,Счет
BlanketInner,Blanket Inner,Blanket Inner,毛毯內層,ブランケット内側,담요 내부,Couverture intérieure,Belső takaró,Manta interior,被子 里侧,Decke innen,Одеяло внутреннее
BlanketOutter,Blanket Outter,Blanket Outter,毛毯外層,ブランケット外側,담요 외부,Couverture extérieure,Külső takaró,Manta exterior,被子 外侧,Decke außen,Одеяло наружное
Blush,Face Blush,Face Blush,臉紅,頬の赤み,페이스 블러셔,Fard À Joues Pour Le Visage,Arcpirosító,Rubor,脸红,Gesichtsröte,Румяна для лица
BrowLeft,Brow >>,Brow >>,眉毛>>,眉 >>,눈썹 >>,Sourcil >>,Szemöldök >>,Ceja >>,眉毛 >>,Augenbraue >>,Брови >>
BrowRight,Brow <<,Brow <<,眉毛<<,眉 <<,눈썹 <<,Sourcils <<,Szemöldök <<,Ceja <<,眉毛 <<,Augenbraue <<,Брови <<
Chopstick,Chopstick,Chopstick,筷子,お箸,젓가락,Baguette,Pálcika,Palillos,筷子,Stäbchen,Палочки для еды
Crowbar,Crowbar,Crowbar,撬棍,バール,바,Pied de biche,Emelőrúd,Palanca,撬棍,Brecheisen,лом
Cup,Cup,Cup,杯子,カップ,컵,Tasse,Csésze,Taza,咖啡杯,Tasse,Чашка
CupSteam,Cup Steam,Cup Steam,杯蒸,湯気,컵 스팀,Tasse Vapeur,Kupa Steam,Vapor de la taza,咖啡杯 蒸汽,Tasse Dampf,Кубок Паровой
Door,Door/Wall,Door/Wall,門/牆,ドア／壁,문/벽,Porte/Mur,Ajtó/fal,Puerta/Pared,门/墙,Tür/Wand,Дверь/Стена
DumEyePupilLeft,Eye(Dum) Pupil >>,Eye(Dum) Pupil >>,眼睛（啞）瞳孔 >>,ほげ目 瞳 >>,눈(Dum) 눈동자 >>,Oeil (Dum) Pupille >>,Szem(Dum) Pupilla >>,Pupila (tonta) >>,呆眼 瞳孔 >>,Auge(Dum) Pupille >>,Глаз(Дум) Зрачок >>
DumEyePupilRight,Eye(Dum) Pupil <<,Eye(Dum) Pupil <<,眼睛（達姆）瞳孔 <<,ほげ目 瞳 <<,눈(덤) 동공 <<,Oeil(Dum)Pupille <<,Szem(Dum) Pupilla <<,Pupila (tonta) <<,呆眼 瞳孔  <<,Auge(Dum) Pupille <<,Глаз (Дум) Зрачок <<
Eyebag,Eyebag,Eyebag,眼袋,目のクマ,아이백,Poche oculaire,Szemtáska,Ojeras,眼袋,Tränensack,Мешок для глаз
EyeDarkLeft,Eye Iris Dark >>,Eye Iris Dark >>,眼睛虹膜深色>>,虹彩 濃 >>,아이 아이리스 다크 >>,Iris des yeux foncé >>,Szem Iris Sötét >>,Iris Oscuro >>,眼睛 虹膜深色 >>,Augeniris dunkel >>,Глаза Ирис Темные >>
EyeDarkRight,Eye Iris Dark <<,Eye Iris Dark <<,眼睛虹膜深色 <<,虹彩 濃 <<,눈 홍채 다크 <<,Iris des yeux foncé <<,Szem Iris Sötét <<,Iris Oscuro <<,眼睛 虹膜深色 <<,Augeniris dunkel <<,Глаза Радужная оболочка Темные <<
EyeDollar,Eye Dollar,Eye Dollar,眼睛美元,お金の目,아이달러,Dollar pour les yeux,Szem dollár,Ojos de dinero,眼睛 钱,Augendollar,Глаз доллара
EyeHeart,Eye Heart,Eye Heart,眼心,ハート目,아이하트,Oeil Coeur,Szem Szív,Ojos de corazón,眼睛 爱心,Augenherz,Глаз Сердце
EyeHighlight,Eye Highlight,Eye Highlight,眼睛高光,目ハイライト,아이 하이라이트,Point culminant des yeux,Szemkiemelés,Brillo del ojo,眼睛 高光,Augen Highlight,Выделение глаз
Eyelash,Eyelashes,Eyelashes,睫毛,まつげ,속눈썹,Cils,Szempilla,Pestañas,眼睛 睫毛,Wimpern,Ресницы
EyeLightLeft,Eye Iris Light >>,Eye Iris Light >>,眼睛虹膜燈>>,虹彩 淡 >>,눈 홍채 라이트 >>,Lumière de l'iris des yeux >>,Szem írisz fénye >>,Brillo del iris >>,眼睛 虹膜浅色 >>,Augeniris hell >>,Глаза Ирис Светлый >>
EyeLightRight,Eye Iris Light <<,Eye Iris Light <<,眼睛虹膜燈 <<,虹彩 淡 <<,눈 홍채 빛 <<,Lumière de l'iris des yeux <<,Eye Iris Light <<,Brillo del iris <<,眼睛 虹膜浅色 <<,Augeniris hell <<,Глаза Ирис Светлый <<
EyeOutline,Eye(Dum) Outline,Eye(Dum) Outline,眼睛（啞）輪廓,ほげ目 輪郭,눈(Dum) 외곽선,Contour de l'oeil (Dum),Szem(Dum) körvonal,Contorno de ojo (tonto),呆眼 轮廓,Augen(Dum) Umriss,Контур глаза (дум)
EyeSparkling,Eye Sparkling,Eye Sparkling,眼睛閃閃發光,キラキラ目,눈 반짝임,Oeil pétillant,Szem csillogó,Ojos chispeantes,眼睛 星星,Augenfunkeln,Сверкающие глаза
EyeSpiral,Eye Spiral,Eye Spiral,眼睛螺旋,ぐるぐる目,눈 나선형,Spirale des yeux,Szemspirál,Espiral en los ojos,眼睛 圈圈,Augenspirale,Глазная спираль
EyeWhite,Eye White,Eye White,眼白,白目,눈 흰자,Oeil blanc,Szem fehér,Ojo blanco,眼睛 白色部分,Augenweiß,Глаз Белый
FaceShadow,Face Shadow,Face Shadow,臉部陰影,顔影,페이스 섀도우,Ombre à visage,Arcárnyék,Sombra de la cara,脸 阴影,Gesichtsschatten,Тень для лица
FinLeft,Fin >>,Fin >>,鰭>>,ヒレ >>,핀 >>,Aileron >>,Fin >>,Aleta >>,鳍 >>,Flosse >>,Фин >>
FinLeftOutline,Fin >> Outline,Fin >> Outline,翅片 >> 摘要,ヒレ 輪郭 >>,핀 >> 개요,Fin >> Aperçu,Fin >> Vázlat,Aleta >> Contorno,鳍 >> 轮廓,Flosse >> Umriss,Фин >> Схема
FinRight,Fin <<,Fin <<,鰭 <<,ヒレ <<,핀 <<,Fin <<,Fin <<,aleta <<,鳍 <<,Flosse <<,Фин <<
FinRightOutline,Fin << Outline,Fin << Outline,鰭 << 輪廓,ヒレ 輪郭 <<,핀 << 개요,Fin << Aperçu,Fin << Vázlat,Fin << Contorno,鳍 << 轮廓,Flosse << Umriss,Плавник << Схема
FrameHairLeft,Hair Framing >>,Hair Framing >>,頭髮定型>>,顔まわり髪 >>,헤어 프레이밍 >>,Encadrement des cheveux >>,Hajkeretezés >>,Mechón frontal >>,头发 脸颊 >>,Seitensträhnen >>,Оформление волос >>
FrameHairLeftOutline,Hair Framing >> Outline,Hair Framing >> Outline,發框 >> 摘要,顔まわり髪 輪郭 >>,헤어 프레이밍 >> 개요,Encadrement des cheveux >> Aperçu,Hajkeretezés >> Vázlat,Mechón frontal >> Contorno,头发 脸颊 >> 轮廓,Seitensträhnen >> Umriss,Оформление волос >> Схема
FrameHairRight,Hair Framing <<,Hair Framing <<,頭髮框架 <<,顔まわり髪 <<,헤어 프레이밍 <<,Encadrement des cheveux <<,Hajkeretezés <<,Mechón frontal <<,头发 脸颊 <<,Seitensträhnen <<,Оформление волос <<
FrameHairRightOutline,Hair Framing << Outline,Hair Framing << Outline,頭髮框架 << 輪廓,顔まわり髪 輪郭 <<,헤어 프레이밍 << 개요,Encadrement des cheveux << Aperçu,Hajkeretezés << Vázlat,Mechón frontal << Contorno,头发 脸颊 << 轮廓,Seitensträhnen << Umriss,Оформление волос << Схема
Gill,Gill,Gill,鰓,エラ,아가미,Gil,Kopoltyú,Branquia,腮,Kieme,Джилл
GillOutline,Gill Outline,Gill Outline,鰓輪廓,エラ 輪郭,길 외곽선,Aperçu des branchies,Gill vázlat,Contorno de la branquia,腮 轮廓,Kiemen Umriss,Схема Джилла
Glasses,Glasses,Glasses,眼鏡,メガネ,안경,Lunettes,Szemüveg,Anteojos,眼镜,Brille,Очки
HairbandA,Hairband A,Hairband A,髮帶A,ヘアバンドA,헤어밴드A,Bandeau A,Hajpánt A,Diadema A,发带 A,Haarband A,Лента для волос А
HairbandAOutline,Hairband A Outline,Hairband A Outline,髮帶A輪廓,ヘアバンドA 輪郭,헤어밴드A 개요,Bandeau A Contour,Hajpánt Vázlat,Contorno de Diadema A,发带 A 轮廓,Haarband A Umriss,Лента для волос A Outline
HairbandB,Hairband B,Hairband B,髮帶B,ヘアバンドB,헤어밴드B,Bandeau B,Hajpánt B,Diadema B,发带 B,Haarband B,Лента для волос Б
HairbandBOutline,Hairband B Outline,Hairband B Outline,髮帶B輪廓,ヘアバンドB 輪郭,헤어밴드B 개요,Bandeau B Contour,Hajpánt B körvonal,Contorno de Diadema B,发带 B 轮廓,Haarband B Umriss,Лента для волос B. Контур
HairbandC,Hairband C,Hairband C,髮帶C,ヘアバンドC,헤어밴드 C,Bandeau C,Hajpánt C,Diadema C,发带 C,Haarband C,Повязка для волос С
HairbandCOutline,Hairband C Outline,Hairband C Outline,髮帶C輪廓,ヘアバンドC 輪郭,헤어밴드C 개요,Bandeau C Contour,Hajpánt C körvonal,Contorno de Diadema C,发带 C 轮廓,Haarband C Umriss,Лента для волос C. Контур
HairbandD,Hairband D,Hairband D,髮帶D,ヘアバンドD,헤어밴드 D,Bandeau D,Hajpánt D,Diadema D,发带 D,Haarband D,Ободок для волос D
HairbandDOutline,Hairband D Outline,Hairband D Outline,髮帶 D 輪廓,ヘアバンドD 輪郭,헤어밴드D 개요,Bandeau D Contour,Hajpánt D körvonal,Contorno de Diadema D,发带 D 轮廓,Haarband D Umriss,Повязка для волос D Outline
HairBangLeft,Hair Bang >>,Hair Bang >>,發瀏海>>,前髪 >>,헤어뱅 >>,Frange de cheveux >>,Hair Bang >>,Flequillo >>,头发 刘海 >>,Pony >>,Челка >>
HairBangLeftOutline,Hair Bang >> Outline,Hair Bang >> Outline,瀏海 >> 摘要,前髪 輪郭 >>,헤어뱅 >> 개요,Frange de cheveux >> Aperçu,Hair Bang >> Vázlat,Flequillo >> Contorno,头发 刘海 >> 轮廓,Pony >> Umriss,Челка >> Схема
HairBangMiddle,Hair Bang ><,Hair Bang ><,頭髮瀏海><,前髪 中央,헤어뱅 ><,Frange de cheveux ><,Hair Bang ><,Flequillo ><,头发 刘海 ><,Pony ><,Челка для волос ><
HairBangMiddleOutline,Hair Bang >< Outline,Hair Bang >< Outline,瀏海>< 輪廓,前髪 中央 輪郭,헤어뱅 >< 개요,Frange de cheveux >< Aperçu,Hair Bang >< Vázlat,Flequillo >< Contorno,头发 刘海 >< 轮廓,Pony >< Umriss,Челка >< Схема
HairBangRight,Hair Bang <<,Hair Bang <<,頭髮瀏海 <<,前髪 <<,헤어뱅 <<,Frange de cheveux <<,Hair Bang <<,Flequillo <<,头发 刘海 <<,Pony <<,Челка для волос <<
HairBangRightOutline,Hair Bang << Outline,Hair Bang << Outline,瀏海<<大綱,前髪 輪郭 <<,헤어뱅 << 개요,Frange de cheveux << Aperçu,Hair Bang << Vázlat,Flequillo << Contorno,头发 刘海 << 轮廓,Pony << Umriss,Челка << Схема
HairClipLeft,Hair Clip >>,Hair Clip >>,髮夾>>,ヘアクリップ >>,헤어클립 >>,Pince à cheveux >>,Hajcsipesz >>,Pinza para el pelo >>,发夹 >>,Haarspange >>,Заколка для волос >>
HairClipLeftOutline,Hair Clip >> Outline,Hair Clip >> Outline,髮夾 >> 摘要,ヘアクリップ 輪郭 >>,헤어핀 >> 개요,Pince à cheveux >> Aperçu,Hajcsat >> Vázlat,Pinza para el cabello >> Contorno,发夹 >> 轮廓,Haarspange >> Umriss,Заколка для волос >> Схема
HairClipRight,Hair Clip <<,Hair Clip <<,髮夾<<,ヘアクリップ <<,헤어클립 <<,Pince à cheveux <<,Hajcsat <<,Pinza para el pelo <<,发夹 <<,Haarspange <<,Заколка для волос <<
HairClipRightOutline,Hair Clip << Outline,Hair Clip << Outline,髮夾 << 輪廓,ヘアクリップ 輪郭 <<,헤어클립 << 개요,Pince à cheveux << Aperçu,Hajcsat << Vázlat,Pinza para el cabello << Contorno,发夹 << 轮廓,Haarspange << Umriss,Заколка для волос << Схема
HairHighlightLeft1,Hair Highlight 1 >>,Hair Highlight 1 >>,頭髮亮點1 >>,髪ハイライト1 >>,헤어 하이라이트 1 >>,Mèches de cheveux 1 >>,Hajkiemelés 1 >>,Mechas de cabello 1 >>,挑染 1 >> ,Haar Highlight 1 >>,Мелирование волос 1 >>
HairHighlightLeft1Outline,Hair Highlight 1 >> Outline,Hair Highlight 1 >> Outline,頭髮亮點 1 >> 輪廓,髪ハイライト1 輪郭 >>,헤어 하이라이트 1 >> 개요,Mèches de cheveux 1 >> Aperçu,Hajkiemelés 1 >> Vázlat,Mechas de cabello 1 >> Contorno,挑染 1 >> 轮廓,Haar Highlight 1 >> Umriss,Мелирование волос 1 >> Контур
HairHighlightLeft2,Hair Highlight 2 >>,Hair Highlight 2 >>,頭髮亮點2>>,髪ハイライト2 >>,헤어 하이라이트 2 >>,Mèches de cheveux 2 >>,Hajkiemelés 2 >>,Mechas de cabello 2 >>,挑染 2 >> ,Haar Highlight 2 >>,Мелирование волос 2 >>
HairHighlightLeft2Outline,Hair Highlight 2 >> Outline,Hair Highlight 2 >> Outline,頭髮亮點 2 >> 輪廓,髪ハイライト2 輪郭 >>,헤어하이라이트2 >> 개요,Mèches capillaires 2 >> Aperçu,Hajkiemelés 2 >> Vázlat,Mechas de cabello 2 >> Contorno,挑染 2 >> 轮廓,Haar Highlight 2 >> Umriss,Мелирование волос 2 >> Контур
HairHighlightLeft3,Hair Highlight 3 >>,Hair Highlight 3 >>,頭髮亮點3>>,髪ハイライト3 >>,헤어 하이라이트 3 >>,Mèches de cheveux 3 >>,Hajkiemelés 3 >>,Mechas de cabello 3 >>,挑染 3 >> ,Haar Highlight 3 >>,Мелирование волос 3 >>
HairHighlightLeft3Outline,Hair Highlight 3 >> Outline,Hair Highlight 3 >> Outline,頭髮亮點 3 >> 輪廓,髪ハイライト3 輪郭 >>,헤어하이라이트3 >> 개요,Mèches capillaires 3 >> Aperçu,Hajkiemelés 3 >> Vázlat,Mechas de cabello 3 >> Contorno,挑染 3 >> 轮廓,Haar Highlight 3 >> Umriss,Мелирование волос 3 >> Контур
HairHighlightMiddle1,Hair Highlight 1 ><,Hair Highlight 1 ><,頭髮亮點1><,髪ハイライト1 中央,헤어하이라이트 1 ><,Mèches de cheveux 1 ><,Hajkiemelés 1 ><,Mechas de cabello 1 ><,挑染 1 >< ,Haar Highlight 1 ><,Мелирование волос 1 ><
HairHighlightMiddle1Outline,Hair Highlight 1 >< Outline,Hair Highlight 1 >< Outline,頭髮亮點 1 >< 輪廓,髪ハイライト1 中央 輪郭,헤어하이라이트 1 >< 개요,Mèches de cheveux 1 >< Aperçu,Hajkiemelés 1 >< Vázlat,Mechas de cabello 1 >< Contorno,挑染 1 >< 轮廓,Haar Highlight 1 >< Umriss,Мелирование волос 1 >< Схема
HairHighlightMiddle2,Hair Highlight 2 ><,Hair Highlight 2 ><,頭髮亮點2><,髪ハイライト2 中央,헤어하이라이트 2 ><,Mèches de cheveux 2 ><,Hajkiemelés 2 ><,Mechas de cabello 2 ><,挑染 2 >< ,Haar Highlight 2 ><,Мелирование волос 2 ><
HairHighlightMiddle2Outline,Hair Highlight 2 >< Outline,Hair Highlight 2 >< Outline,頭髮亮點 2 >< 輪廓,髪ハイライト2 中央 輪郭,헤어하이라이트 2 >< 개요,Mèches de cheveux 2 >< Aperçu,Hajkiemelés 2 >< Vázlat,Mechas de cabello 2 >< Contorno,挑染 2 >< 轮廓,Haar Highlight 2 >< Umriss,Мелирование волос 2 >< Схема
HairHighlightMiddle3,Hair Highlight 3 ><,Hair Highlight 3 ><,頭髮亮點3><,髪ハイライト3 中央,헤어하이라이트 3 ><,Mèches de cheveux 3 ><,Hajkiemelés 3 ><,Destacado del cabello 3 ><,挑染 3 >< ,Haar Highlight 3 ><,Мелирование волос 3 ><
HairHighlightMiddle3Outline,Hair Highlight 3 >< Outline,Hair Highlight 3 >< Outline,頭髮亮點 3 >< 輪廓,髪ハイライト3 中央 輪郭,헤어하이라이트3 >< 개요,Mèches de cheveux 3 >< Aperçu,Hajkiemelés 3 >< Vázlat,Mechas de cabello 3 >< Contorno,挑染 3 >< 轮廓,Haar Highlight 3 >< Umriss,Мелирование волос 3 >< Схема
HairHighlightMiddle4,Hair Highlight 4 ><,Hair Highlight 4 ><,頭髮亮點4><,髪ハイライト4 中央,헤어하이라이트 4 ><,Mèches de cheveux 4 ><,Hajkiemelés 4 ><,Mechas de cabello 4 ><,挑染 4 >< ,Haar Highlight 4 ><,Мелирование волос 4 ><
HairHighlightMiddle4Outline,Hair Highlight 4 >< Outline,Hair Highlight 4 >< Outline,頭髮亮點 4 >< 輪廓,髪ハイライト4 中央 輪郭,헤어하이라이트 4 >< 개요,Mèches de cheveux 4 >< Aperçu,Hajkiemelés 4 >< Vázlat,Mechas de cabello 4 >< Contorno,挑染 4 >< 轮廓,Haar Highlight 4 >< Umriss,Мелирование волос 4 >< Схема
HairHighlightMiddle5,Hair Highlight 5 ><,Hair Highlight 5 ><,頭髮亮點5><,髪ハイライト5 中央,헤어하이라이트 5 ><,Mèches de cheveux 5 ><,Hajkiemelés 5 ><,Mechas de cabello 5 ><,挑染 5 >< ,Haar Highlight 5 ><,Мелирование волос 5 ><
HairHighlightMiddle5Outline,Hair Highlight 5 >< Outline,Hair Highlight 5 >< Outline,頭髮亮點 5 >< 輪廓,髪ハイライト5 中央 輪郭,헤어하이라이트 5 >< 개요,Mèches de cheveux 5 >< Aperçu,Hajkiemelés 5 >< Vázlat,Mechas de cabello 5 >< Contorno,挑染 5 >< 轮廓,Haar Highlight 5 >< Umriss,Мелирование волос 5 >< Схема
HairHighlightMiddle6,Hair Highlight 6 ><,Hair Highlight 6 ><,頭髮亮點6><,髪ハイライト6 中央,헤어하이라이트 6 ><,Mèches de cheveux 6 ><,Hajkiemelés 6 ><,Mechas de cabello 6 ><,挑染 6 >< ,Haar Highlight 6 ><,Мелирование волос 6 ><
HairHighlightMiddle6Outline,Hair Highlight 6 >< Outline,Hair Highlight 6 >< Outline,頭髮亮點 6 >< 輪廓,髪ハイライト6 中央 輪郭,헤어하이라이트 6 >< 개요,Mèches de cheveux 6 >< Aperçu,Hajkiemelés 6 >< Vázlat,Mechas de cabello 6 >< Contorno,挑染 6 >< 轮廓,Haar Highlight 6 >< Umriss,Мелирование волос 6 >< Схема
HairHighlightRight1,Hair Highlight 1 <<,Hair Highlight 1 <<,頭髮亮點 1 <<,髪ハイライト1 <<,헤어 하이라이트 1 <<,Mèches de cheveux 1 <<,Hajkiemelés 1 <<,Mechas de cabello 1 <<,挑染 1 << ,Haar Highlight 1 <<,Мелирование волос 1 <<
HairHighlightRight1Outline,Hair Highlight 1 << Outline,Hair Highlight 1 << Outline,頭髮亮點 1 << 輪廓,髪ハイライト1 輪郭 <<,헤어 하이라이트 1 << 개요,Mèches de cheveux 1 << Aperçu,Hajkiemelés 1 << Vázlat,Mechas de cabello 1 << Contorno,挑染 1 << 轮廓,Haar Highlight 1 << Umriss,Мелирование волос 1 << Схема
HairHighlightRight2,Hair Highlight 2 <<,Hair Highlight 2 <<,頭髮亮點2 <<,髪ハイライト2 <<,헤어 하이라이트 2 <<,Mèches de cheveux 2 <<,Hajkiemelés 2 <<,Mechas de cabello 2 <<,挑染 2 << ,Haar Highlight 2 <<,Мелирование волос 2 <<
HairHighlightRight2Outline,Hair Highlight 2 << Outline,Hair Highlight 2 << Outline,頭髮亮點 2 << 輪廓,髪ハイライト2 輪郭 <<,헤어하이라이트 2 << 개요,Mèches de cheveux 2 << Aperçu,Hajkiemelés 2 << Vázlat,Mechas de cabello 2 << Contorno,挑染 2 << 轮廓,Haar Highlight 2 << Umriss,Мелирование волос 2 << Схема
HairHighlightRight3,Hair Highlight 3 <<,Hair Highlight 3 <<,頭髮亮點 3 <<,髪ハイライト3 <<,헤어 하이라이트 3 <<,Mèches de cheveux 3 <<,Hajkiemelés 3 <<,Mechas de cabello 3 <<,挑染 3 << ,Haar Highlight 3 <<,Мелирование волос 3 <<
HairHighlightRight3Outline,Hair Highlight 3 << Outline,Hair Highlight 3 << Outline,頭髮亮點 3 << 輪廓,髪ハイライト3 輪郭 <<,헤어하이라이트3 << 개요,Mèches de cheveux 3 << Aperçu,Hajkiemelés 3 << Vázlat,Mechas de cabello 3 << Contorno,挑染 3 << 轮廓,Haar Highlight 3 << Umriss,Мелирование волос 3 << Схема
Hairline,Hairline Outline,Hairline Outline,髮際線輪廓,生え際 輪郭,헤어라인 외곽선,Contour des cheveux,Hajvonal vázlat,Contorno de la rayita,发际线 轮廓,Haarlinien Umriss,Контур линии роста волос
HairShine,Hair Shine,Hair Shine,頭髮光澤,髪ツヤ,헤어 샤인,Brillance des cheveux,Hajfény,Brillo del cabello,头发 高光,Haarglanz,Блеск Волос
HairShineOutline,Hair Shine Outline,Hair Shine Outline,頭髮光澤輪廓,髪ツヤ 輪郭,헤어 샤인 개요,Aperçu de la brillance des cheveux,Hajfény vázlat,Contorno del brillo del cabello,头发 高光 轮廓,Haarglanz Umriss,Контур блеска волос
Halo,Halo,Halo,暈,天使の輪,후광,Halo,Halo,Halo,光环,Heiligenschein,Гало
HaloOutline,Halo Outline,Halo Outline,光環輪廓,天使の輪 輪郭,헤일로 개요,Aperçu du halo,Halo Outline,Contorno del halo,光环 轮廓,Heiligenschein Umriss,Гало Контур
Hat,Hat,Hat,帽子,帽子,모자,Chapeau,Kalap,Sombrero,帽子,Hut,Шляпа
HatOutline,Hat Outline,Hat Outline,帽子輪廓,帽子 輪郭,모자 개요,Aperçu du chapeau,Kalap vázlat,Contorno del sombrero,帽子 轮廓,Hut Umriss,Контур шляпы
HatSecondary,Hat Secondary,Hat Secondary,帽子中學,帽子パーツ,모자 보조,Chapeau Secondaire,Kalap másodlagos,Sombrero Secundario,帽子 次要,Hut Sekundär,Шляпа вторичная
HatOutlineSecondary,Hat Secondary Outline,Hat Secondary Outline,帽子次要輪廓,帽子パーツ 輪郭,모자 보조 개요,Contour secondaire du chapeau,Kalap másodlagos vázlat,Contorno del sombrero secundario,帽子 次要 轮廓,Hut Sekundär Umriss,Вторичный контур шляпы
Hammer,Hammer,Hammer,槌,ハンマー,망치,Marteau,Kalapács,Martillo,锤子,Hammer,Молоток
HeadWingLeft,Ear Wing >>,Ear Wing >>,耳翼>>,耳羽 >>,귀 날개 >>,Aile d'oreille >>,Fülszárny >>,Ala de oreja >>,翅膀耳朵 >>,Ohrflügel >>,Ухо Крыло >>
HeadWingLeftOutline,Ear Wing >> Outline,Ear Wing >> Outline,耳翼 >> 摘要,耳羽 輪郭 >>,Ear Wing >> 개요,Aile d'oreille >> Aperçu,Fülszárny >> Vázlat,Ala de oreja >> Contorno,翅膀耳朵 >> 轮廓,Ohrflügel >> Umriss,Ухо Крыло >> Схема
HeadWingRight,Ear Wing <<,Ear Wing <<,耳翼 <<,耳羽 <<,귀 날개 <<,Aile d'oreille <<,Fülszárny <<,Ala de oreja <<,翅膀耳朵 <<,Ohrflügel <<,Ухо Крыло <<
HeadWingRightOutline,Ear Wing << Outline,Ear Wing << Outline,耳翼 << 輪廓,耳羽 輪郭 <<,이어윙 << 개요,Aile d'oreille << Aperçu,Fülszárny << Vázlat,Ala de oreja << Contorno,翅膀耳朵 << 轮廓,Ohrflügel << Umriss,Ухо-крыло << Контур
Heart,Heart,Heart,心,ハート,마음,Cœur,Szív,Corazón,爱心,Herz,Сердце
HornLeft,Horn >>,Horn >>,喇叭>>,角 >>,혼 >>,Corne >>,Kürt >>,Cuerno >>,角 >>,Horn >>,Рог >>
HornLeftOutline,Horn >> Outline,Horn >> Outline,喇叭 >> 概要,角 輪郭 >>,혼 >> 개요,Corne >> Aperçu,Kürt >> Vázlat,Cuerno >> Contorno,角 >> 轮廓,Horn >> Umriss,Рог >> Схема
HornRight,Horn <<,Horn <<,號角<<,角 <<,혼 <<,Corne <<,Kürt <<,Cuerno <<,角 <<,Horn <<,Рог <<
HornRightOutline,Horn << Outline,Horn << Outline,號角 << 概要,角 輪郭 <<,혼 << 개요,Corne << Aperçu,Kürt << Vázlat,Cuerno << Contorno,角 <<轮廓,Horn << Umriss,Рог << Схема
HornMiddle,Horn ><,Horn ><,喇叭><,角 中央,혼 ><,Corne ><,Kürt ><,Cuerno ><,角 ><,Horn ><,Рог ><
HornMiddleOutline,Horn >< Outline,Horn >< Outline,喇叭 >< 概要,角 中央 輪郭,혼 >< 개요,Corne >< Aperçu,Kürt >< Vázlat,Cuerno >< Contorno,角 >< 轮廓,Horn >< Umriss,Рог >< Схема
JailGrill,Jail Grill,Jail Grill,監獄燒烤,牢屋格子,감옥 그릴,Grill de prison,Jail Grill,Barrotes de la cárcel,监狱栅栏,Gefängnis,Тюремный гриль
Keyboard,Keyboard,Keyboard,鍵盤,キーボード,건반,Clavier,Billentyűzet,Teclado,键盘,Tastatur,Клавиатура
KitchenKnife,Kitchen Knife,Kitchen Knife,花椰菜刀,包丁,부엌칼,Couteau de cuisine,Konyhai kés,Cuchillo de cocina,厨房刀,Küchenmesser,Кухонный нож
Laptop,Laptop,Laptop,筆記型電腦,ノートPC,랩탑,Ordinateur portable,Laptop,Computadora portátil,电脑,Laptop,Ноутбук
LaptopLight,Laptop Light,Laptop Light,筆記型電腦燈,ノートPCライト,노트북 라이트,Lumière pour ordinateur portable,Laptop fény,Luz de la computadora portátil,电脑 屏幕光,Laptop Licht,Свет для ноутбука
LegLeft,Leg >>,Leg >>,腿>>,脚 >>,다리 >>,Jambe >>,Láb >>,Pierna >>,腿 >>,Bein >>,Нога >>
LegRight,Leg <<,Leg <<,腿<<,脚 <<,다리 <<,Jambe <<,Láb <<,Pierna <<,腿 <<,Bein <<,Нога <<
LightstickHandle,Lightstick Handle,Lightstick Handle,螢光棒手柄,ペンライト持ち手,응원봉 손잡이,Poignée de bâton lumineux,Lightstick fogantyú,Mango del Lightstick,荧光棒 把手,Leuchtstabgriff,Ручка светового стика
LightStickLeft,Light Stick >>,Light Stick >>,螢光棒>>,ペンライト >>,라이트스틱 >>,Bâton lumineux >>,Light Stick >>,Lightstick >>,荧光棒 >>,Leuchtstab >>,Световая палочка >>
LightStickRight,Light Stick <<,Light Stick <<,螢光棒<<,ペンライト <<,라이트스틱 <<,Bâton lumineux <<,Light Stick <<,Lightstick <<,荧光棒 <<,Leuchtstab <<,Световая палка <<
Mecha,Mecha,Mecha,機甲,メカ,메카,Mécha,Mecha,Mecha,机械,Mecha,Меха
MechaLeft,Mecha >>,Mecha >>,機甲>>,メカ >>,메카 >>,Mécha >>,Mecha >>,Mecha >>,机械 >>,Mecha >>,Меха >>
MechaLeftOutline,Mecha >> Outline,Mecha >> Outline,機甲 >> 摘要,メカ 輪郭 >>,메카 >> 개요,Mecha >> Aperçu,Mecha >> Vázlat,Mecha >> Contorno,机械 >> 轮廓,Mecha >> Umriss,Меха >> Схема
MechaOutline,Mecha Outline,Mecha Outline,機甲概要,メカ 輪郭,메카 개요,Aperçu du méca,Mecha körvonal,Contorno del mecha,机械 轮廓,Mecha Umriss,Механический контур
MechaRight,Mecha <<,Mecha <<,機甲 <<,メカ <<,메카 <<,Mécha <<,Mecha <<,Mecha <<,机械 <<,Mecha <<,Меха <<
MechaRightOutline,Mecha << Outline,Mecha << Outline,機甲<<大綱,メカ 輪郭 <<,메카 << 개요,Mecha << Aperçu,Mecha << Vázlat,Mecha << Contorno,机械 << 轮廓,Mecha << Umriss,Меха << Схема
Mouse,Mouse,Mouse,老鼠,マウス,생쥐,Souris,Egér,Ratón,鼠标,Maus,Мышь
Mouth,Mouth/Tongue,Mouth/Tongue,嘴巴/舌頭,口／舌,입/혀,Bouche/Langue,Száj/nyelv,Boca/Lengua,嘴/舌头,Mund/Zunge,Рот/Язык
MouthShadow,Mouth/Tongue Shadow,Mouth/Tongue Shadow,嘴/舌頭陰影,口／舌 影,입/혀 그림자,Ombre bouche/langue,Száj/nyelv árnyék,Sombra de boca/lengua,嘴/舌头 阴影,Mund/Zungenschatten,Тень рта/языка
Notepad,Notepad,Notepad,記事本,メモ帳,메모장,Bloc-notes,Jegyzettömb,Bloc de notas,记事本,Notizblock,Блокнот
OutfitCollar,Outfit Collar,Outfit Collar,服裝領子,襟,의상 칼라,Collier de tenue,Outfit gallér,Cuello del Outfit,服装 领子,Outfit Kragen,Воротник наряда
OutfitCollarOutline,Outfit Collar Outline,Outfit Collar Outline,服裝領型輪廓,襟 輪郭,의상 칼라 개요,Aperçu du col de la tenue,Outfit gallér vázlat,Contorno del cuello del Outfit,服装 领子 轮廓,Outfit Kragen Umriss,Схема воротника наряда
OutfitInner,Outfit Inner,Outfit Inner,服飾內搭,服 内側,의상 내부,Tenue intérieure,Outfit belső,Outfit interior,服装 里侧,Outfit innen,Внутренний наряд
OutfitInnerOutline,Outfit Inner Outline,Outfit Inner Outline,服裝內部輪廓,服 内側 輪郭,의상 내부 개요,Aperçu intérieur de la tenue,Outfit belső körvonala,Contorno del Outfit interior,服装 里侧 轮廓,Outfit innen Umriss,Внутренний контур наряда
OutfitNeckwearA,Outfit Neckwear A,Outfit Neckwear A,服裝項鍊A,ネックウェアA,아웃핏 넥웨어 A,Tenue Cravate A,Outfit Neckwear A,Accesorios de cuello A,服装 颈部装饰 A,Outfit Halsschmuck A,Наряд Галстук А
OutfitNeckwearAOutline,Outfit Neckwear A Outline,Outfit Neckwear A Outline,服裝 領帶 A 輪廓,ネックウェアA 輪郭,아웃핏 넥웨어 A 개요,Tenue Cravates Un Contour,Outfit Neckwear Egy körvonal,Contorno del accesorio de cuello A,服装 颈部装饰 A 轮廓,Outfit Halsschmuck A Umriss,"Наряд, галстук, контур"
OutfitNeckwearB,Outfit Neckwear B,Outfit Neckwear B,服飾領帶B,ネックウェアB,아웃핏 넥웨어 B,Tenue Cravate B,Outfit Neckwear B,Accesorios de cuello B,服装 颈部装饰 B,Outfit Halsschmuck B,Наряд Галстук Б
OutfitNeckwearBOutline,Outfit Neckwear B Outline,Outfit Neckwear B Outline,服裝 領帶 B 輪廓,ネックウェアB 輪郭,아웃핏 넥웨어 B 개요,Tenue Cravates B Outline,Outfit Neckwear B körvonal,Contorno del accesorio de cuello B,服装 颈部装饰 B 轮廓,Outfit Halsschmuck B Umriss,"Наряд, галстук, B, контур"
OutfitNeckwearC,Outfit Neckwear C,Outfit Neckwear C,服飾領帶C,ネックウェアC,아웃핏 넥웨어 C,Tenue Cravate C,Outfit Neckwear C,Accesorios de cuello C,服装 颈部装饰 C,Outfit Halsschmuck C,Наряд Галстук C
OutfitNeckwearCOutline,Outfit Neckwear C Outline,Outfit Neckwear C Outline,服飾 領帶 C 輪廓,ネックウェアC 輪郭,아웃핏 넥웨어 C 개요,Tenue Cravate C Outline,Outfit Neckwear C körvonal,Contorno del accesorio de cuello C,服装 颈部装饰 C 轮廓,Outfit Halsschmuck C Umriss,Наряд Галстук C Контур
OutfitOuter,Outfit Outer,Outfit Outer,服裝外套,服 外側,의상 아우터,Tenue extérieure,Outfit Outer,Traje exterior,服装 外侧,Outfit außen,Наряд Внешний
OutfitOuterOutline,Outfit Outer Outline,Outfit Outer Outline,服裝外觀輪廓,服 外側 輪郭,의상 외부 개요,Contour extérieur de la tenue,Outfit külső körvonala,Contorno del traje exterior,服装 外侧 轮廓,Outfit außen Umriss,Внешний контур наряда
Pencil,Pencil,Pencil,鉛筆,鉛筆,연필,Crayon,Ceruza,Lápiz,铅笔,Bleistift,Карандаш
Phone,Phone,Phone,電話,スマホ,핸드폰,Téléphone,Telefon,Teléfono,手机,Telefon,Телефон
PhoneLight,Phone Light,Phone Light,手機燈,スマホライト,전화 조명,Lumière du téléphone,Telefonfény,Luz del teléfono,手机 屏幕光,Telefon Licht,Телефон Свет
PigtailLeft,Hair Pigtail >>,Hair Pigtail >>,頭髮辮子>>,おさげ >>,헤어 피그테일 >>,Queue de cochon >>,Haj Pigtail >>,Coleta de pelo >>,头发 马尾 >>,Haarzopf >>,Косичка для волос >>
PigtailLeftOutline,Hair Pigtail >> Outline,Hair Pigtail >> Outline,辮子 >> 摘要,おさげ 輪郭 >>,헤어 피그테일 >> 개요,Queue de cochon >> Aperçu,Haj Pigtail >> Vázlat,Coleta de pelo >> Contorno,头发 马尾 >> 轮廓,Haarzopf >> Umriss,Косичка для волос >> Схема
PigtailRight,Hair Pigtail <<,Hair Pigtail <<,辮子 <<,おさげ <<,머리 땋은 머리 <<,Queue de cochon <<,Haj Pigtail <<,Coleta de pelo <<,头发 马尾 <<,Haarzopf <<,Косичка для волос <<
PigtailRightOutline,Hair Pigtail << Outline,Hair Pigtail << Outline,辮子 << 大綱,おさげ 輪郭 <<,헤어 피그테일 << 개요,Queue de cochon << Aperçu,Haj Pigtail << Vázlat,Coleta de pelo << Contorno,头发 马尾 << 轮廓,Haarzopf << Umriss,Косичка для волос << Схема
Rose,Rose,Rose,玫瑰,バラ,장미,Rose,Rózsa,Rosa,玫瑰,Rose,Роза
RoundSign,Round Sign,Round Sign,圓形標誌,採点棒,둥근 표시,Signe rond,Kerek Jel,Señal redonda,圆形标牌,Rundes Schild,Круглый знак
RoundSignText,Round Sign Text,Round Sign Text,圓形標誌文本,採点棒の文字,둥근 기호 텍스트,Texte de signe rond,Kerek jel szöveg,Texto de la señal redonda,圆形标牌 文字,Rundes Schild Text,Текст круглого знака
SideHair,Hair Side,Hair Side,頭髮側,横髪,헤어사이드,Côté cheveux,Hajoldal,Cabello de los lados trasero,头发 侧面,Haare Seite,Сторона волос
SideHairOutline,Hair Side Outline,Hair Side Outline,頭髮側面輪廓,横髪 輪郭,머리 옆 윤곽선,Contour côté cheveux,Haj oldalsó körvonal,Contorno del cabello de los lados trasero,头发 侧面 轮廓,Haare Seite Umriss,Контур волос сбоку
Skin,Skin,Skin,皮膚,肌,피부,Peau,Bőr,Piel,肤色,Haut,Кожа
SkinOutline,Skin Outline,Skin Outline,皮膚輪廓,肌 輪郭,피부 윤곽,Contour de la peau,Bőr körvonala,Contorno de la piel,肤色 轮廓,Hautumriss,Контур кожи
SquareSign,Square Sign,Square Sign,方形標誌,手持ち看板,정사각형 표시,Signe carré,négyzet alakú jel,Señal cuadrada,方形标牌,Quadratisches Schild,Квадратный знак
SquareSignText,Square Sign Text,Square Sign Text,方形符號文字,手持ち看板の文字,사각형 기호 텍스트,Texte de signe carré,Négyzet alakú jel szöveg,Texto de la señal cuadrada,方形标牌 文字,Quadratisches Schild Text,Текст квадратного знака
SteeringWheel,Steering Wheel,Steering Wheel,方向盤,ハンドル,스티어링 휠,Volant,Kormánykerék,Volante,方向盘,Lenkrad,Руль
GasBottle,Gas Bottle,Gas Bottle,氣瓶,ガスボンベ,가스통,Bouteille de gaz,Gázpalack,Tanque de Copium,压缩气瓶,Gasflasche,Газовый баллон
Sticker_Front/PatHand,Pat Hand,Pat Hand,拍手,なで手,팻 핸드,Pat Main,Pat Hand,Mano de la palmadita,摸头手,Streichelhand,Пэт Хэнд
StickerAlert,Sticker Alert,Sticker Alert,貼紙警報,アラートステッカー,스티커 알림,Alerte autocollant,Matrica figyelmeztetés,Color de la alerta,表情贴纸 通知/提示,Aufkleber Alert,Наклейка Оповещение
StickerAlertEffect,Sticker Alert Effect,Sticker Alert Effect,貼紙警報效果,アラートエフェクト,스티커 알림 효과,Effet d'alerte autocollant,Matrica figyelmeztető hatás,Efecto de la alerta,表情贴纸 通知/提示 特效,Aufkleber Alert Effekt,Эффект оповещения стикера
StickerAlertOutline,Sticker Alert Outline,Sticker Alert Outline,貼紙警報大綱,アラート 輪郭,스티커 알림 개요,Aperçu de l’alerte autocollant,Matrica figyelmeztetés vázlata,Contorno de la alerta,表情贴纸 通知/提示 轮廓,Aufkleber Alert Umriss,Схема оповещения о наклейках
StickerAngry,Sticker Angry,Sticker Angry,貼紙生氣,怒りステッカー,스티커 화가,Autocollant En colère,Dühös matrica,Efecto enojado,表情贴纸 生气,Aufkleber Wütend,Наклейка Злой
StickerExclamationMark,Sticker Exclamation Mark,Sticker Exclamation Mark,貼紙驚嘆號,びっくりマークステッカー,스티커 느낌표,Autocollant point d'exclamation,Matrica felkiáltójel,Signo de exclamación,表情贴纸 感叹号,Aufkleber Ausrufezeichen,Наклейка с восклицательным знаком
StickerGhost,Sticker Ghost,Sticker Ghost,貼紙幽靈,おばけステッカー,스티커 고스트,Autocollant Fantôme,Matrica Ghost,Efecto Fantasma,表情贴纸 幽灵,Aufkleber Geist,Наклейка Призрак
StickerHeart,Sticker Heart,Sticker Heart,貼紙心,ハートステッカー,스티커 하트,Autocollant Coeur,Matrica szív,Efecto Corazón,表情贴纸 爱心,Aufkleber Herz,Наклейка Сердце
StickerLaugh,Sticker Laugh,Sticker Laugh,貼紙笑,笑いステッカー,스티커 웃음,Autocollant Rire,Nevetés matrica,Efecto Risa,表情贴纸 笑,Aufkleber Lachen,Наклейка «Смех»
StickerQuestionMark,Sticker Question Mark,Sticker Question Mark,貼紙問號,はてなステッカー,스티커 물음표,Autocollant point d'interrogation,Matrica kérdőjel,Signo de interrogación,表情贴纸 问号,Aufkleber Fragezeichen,Наклейка с вопросительным знаком
StickerSleep,Sticker Sleep,Sticker Sleep,貼紙睡眠,寝るステッカー,스티커 수면,Autocollant Sommeil,Alvó matrica,Efecto Dormir,表情贴纸 睡觉,Aufkleber Schlaf,Наклейка Сон
StickerStar,Sticker Star,Sticker Star,貼紙明星,星ステッカー,스티커 별,Autocollant Étoile,Matrica csillag,Efecto Estrella,表情贴纸 星星,Aufkleber Stern,Наклейка Звезда
StickerSteam,Sticker Steam,Sticker Steam,貼紙蒸汽,湯気ステッカー,스티커 스팀,Autocollant Vapeur,Steam matrica,Efecto Vapor,表情贴纸 气,Aufkleber Dampf,Наклейка Steam
StickerSurprise,Sticker Surprise,Sticker Surprise,貼紙驚喜,びっくりステッカー,스티커 서프라이즈,Autocollant Surprise,Matrica Meglepetés,Efecto Sorpresa,表情贴纸 惊吓,Aufkleber Überraschung,Наклейка-сюрприз
StickerSweat,Sticker Sweat,Sticker Sweat,貼紙汗水,汗ステッカー,스티커 땀,Autocollant Sueur,Matrica verejték,Gota de Sudor,表情贴纸 汗,Aufkleber Schweiß,Наклейка Пот
StickerSweatLarge,Sticker Sweat (Large),Sticker Sweat (Large),汗貼（大）,汗ステッカー（大）,스티커 스웨트(대),Autocollant Sweat (Grand),Izzadt matrica (nagy),Gota de Sudor (Grande),表情贴纸 汗（大）,Aufkleber Schweiß (Groß),Наклейка Пот (большая)
StickerVolume,Sticker Volume,Sticker Volume,貼紙量,音量ステッカー,스티커 볼륨,Volume des autocollants,Matrica kötet,Efecto de Volumen,表情贴纸 音量,Aufkleber Lautstärke,Объем наклейки
StickyNote,Sticky Note,Sticky Note,便利貼,ふせん,스티커 메모,Pense-bête,Sticky Note,Nota adhesiva,表情贴纸 便签,Haftnotiz,Заметка
StickyNoteText,Sticky Note Text,Sticky Note Text,便箋文本,ふせんの文字,스티커 메모 텍스트,Texte de pense-bête,Sticky Note szöveg,Texto de nota adhesiva,表情贴纸 便签 文字,Haftnotiz Text,Текст заметки
Tear,Eye Tear,Eye Tear,眼睛流淚,涙,눈의 눈물,Larme aux yeux,Eye Tear,Lágrima del ojo,眼睛 眼泪,Augentränen,Глазная слеза
Utensil,Utensil,Utensil,用具,食器,기구,Ustensile,Konyhaedény,Utensilio,餐具,Besteck,Посуда
OutfitCollarString,Outfit Collar String,Outfit Collar String,服飾領帶,襟ひも,의상 칼라 스트링,Chaîne de collier de tenue,Outfit nyakörv,Cordón del cuello del Outfit,服装 领子 抽绳,Outfit Kragenschnur,Строка для воротника наряда
Bell,Bell,Bell,,,,,,,铃铛,,
Confetti1,Confetti 1,Confetti 1,,,,,,,彩纸 1,,
Confetti2,Confetti 2,Confetti 2,,,,,,,彩纸 2,,
Confetti3,Confetti 3,Confetti 3,,,,,,,彩纸 3,,
Microphone,Microphone,Microphone,,,,,,,麦克风,,
Gleam,Gleam,Gleam,,,,,,,光晕,,
VideoCamera,Video Camera,Video Camera,,,,,,,摄像机,,
PointHand,Point Hand,Point Hand,,,,,,,指人手,,
Bowl,Bowl,Bowl,,,,,,,碗,,
Cake,Cake,Cake,,,,,,,蛋糕,,
CandleFire,Candle Fire,Candle Fire,,,,,,,蜡烛 火焰,,
DrawingTablet,Drawing Tablet,Drawing Tablet,,,,,,,画板,,
LoveLetter,Love Letter,Love Letter,,,,,,,情书,,
Popper,Popper,Popper,,,,,,,彩纸筒,,
Stylus,Stylus,Stylus,,,,,,,手写笔,,
Tablet,Tablet,Tablet,,,,,,,画板,,
MusicalNote1,Musical Note 1,Musical Note 1,,,,,,,音乐 音符 1,,
MusicalNote2,Musical Note 2,Musical Note 2,,,,,,,音乐 音符 2,,
PhoneScreen,Phone Screen,Phone Screen,,,,,,,手机 屏幕,,
Tail,Tail,Tail,,,,,,,尾巴,,
TailOutline,Tail Outline,Tail Outline,,,,,,,尾巴 轮廓,,
WingLeft,Wing >>,Wing >>,,,,,,,翅膀 >>,,
WingLeftOutline,Wing >> Outline,Wing >> Outline,,,,,,,翅膀 >> 轮廓,,
WingRight,Wing <<,Wing <<,,,,,,,翅膀 <<,,
WingRightOutline,Wing << Outline,Wing << Outline,,,,,,,翅膀 << 轮廓,,
